,Name,URL,Extension,#,Type,Effect,HP,Ability,Attack 1,Atk1 Effect,Attack 2,Atk1 Effect,Weakness,Retreat
1,Bulbizarre,https://limitlesstcg.nyc3.cdn.digitaloceanspaces.com/pocket/A1/A1_001_EN.webp,A1,001,https://www.serebii.net/tcgpocket/image/grass.png,,,,,,,,,
2,Herbizarre,https://limitlesstcg.nyc3.cdn.digitaloceanspaces.com/pocket/A1/A1_002_EN.webp,A1,002,https://www.serebii.net/tcgpocket/image/grass.png,,,,,,,,,
3,Florizarre,https://limitlesstcg.nyc3.cdn.digitaloceanspaces.com/pocket/A1/A1_003_EN.webp,A1,003,https://www.serebii.net/tcgpocket/image/grass.png,,,,,,,,,
4,Florizarre EX,https://limitlesstcg.nyc3.cdn.digitaloceanspaces.com/pocket/A1/A1_004_EN.webp,A1,004,https://www.serebii.net/tcgpocket/image/grass.png,,,,,,,,,
5,Chenipan,https://limitlesstcg.nyc3.cdn.digitaloceanspaces.com/pocket/A1/A1_005_EN.webp,A1,005,https://www.serebii.net/tcgpocket/image/grass.png,,,,,,,,,
6,Chrysacier,https://limitlesstcg.nyc3.cdn.digitaloceanspaces.com/pocket/A1/A1_006_EN.webp,A1,006,https://www.serebii.net/tcgpocket/image/grass.png,,,,,,,,,
7,Papilusion,https://limitlesstcg.nyc3.cdn.digitaloceanspaces.com/pocket/A1/A1_007_EN.webp,A1,007,https://www.serebii.net/tcgpocket/image/grass.png,,,,,,,,,
8,Aspicot,https://limitlesstcg.nyc3.cdn.digitaloceanspaces.com/pocket/A1/A1_008_EN.webp,A1,008,https://www.serebii.net/tcgpocket/image/grass.png,,,,,,,,,
9,Coconfort,https://limitlesstcg.nyc3.cdn.digitaloceanspaces.com/pocket/A1/A1_009_EN.webp,A1,009,https://www.serebii.net/tcgpocket/image/grass.png,,,,,,,,,
10,Dardargnan,https://limitlesstcg.nyc3.cdn.digitaloceanspaces.com/pocket/A1/A1_010_EN.webp,A1,010,https://www.serebii.net/tcgpocket/image/grass.png,,,,,,,,,
11,Mystherbe,https://limitlesstcg.nyc3.cdn.digitaloceanspaces.com/pocket/A1/A1_011_EN.webp,A1,011,https://www.serebii.net/tcgpocket/image/grass.png,,,,,,,,,
12,Ortide,https://limitlesstcg.nyc3.cdn.digitaloceanspaces.com/pocket/A1/A1_012_EN.webp,A1,012,https://www.serebii.net/tcgpocket/image/grass.png,,,,,,,,,
13,Rafflesia,https://limitlesstcg.nyc3.cdn.digitaloceanspaces.com/pocket/A1/A1_013_EN.webp,A1,013,https://www.serebii.net/tcgpocket/image/grass.png,,,,,,,,,
14,Paras,https://limitlesstcg.nyc3.cdn.digitaloceanspaces.com/pocket/A1/A1_014_EN.webp,A1,014,https://www.serebii.net/tcgpocket/image/grass.png,,,,,,,,,
15,Parasect,https://limitlesstcg.nyc3.cdn.digitaloceanspaces.com/pocket/A1/A1_015_EN.webp,A1,015,https://www.serebii.net/tcgpocket/image/grass.png,,,,,,,,,
16,Mimitoss,https://limitlesstcg.nyc3.cdn.digitaloceanspaces.com/pocket/A1/A1_016_EN.webp,A1,016,https://www.serebii.net/tcgpocket/image/grass.png,,,,,,,,,
17,Aéromite,https://limitlesstcg.nyc3.cdn.digitaloceanspaces.com/pocket/A1/A1_017_EN.webp,A1,017,https://www.serebii.net/tcgpocket/image/grass.png,,,,,,,,,
18,Chétiflor,https://limitlesstcg.nyc3.cdn.digitaloceanspaces.com/pocket/A1/A1_018_EN.webp,A1,018,https://www.serebii.net/tcgpocket/image/grass.png,,,,,,,,,
19,Boustiflor,https://limitlesstcg.nyc3.cdn.digitaloceanspaces.com/pocket/A1/A1_019_EN.webp,A1,019,https://www.serebii.net/tcgpocket/image/grass.png,,,,,,,,,
20,Empiflor,https://limitlesstcg.nyc3.cdn.digitaloceanspaces.com/pocket/A1/A1_020_EN.webp,A1,020,https://www.serebii.net/tcgpocket/image/grass.png,,,,,,,,,
21,Noeunoeuf,https://limitlesstcg.nyc3.cdn.digitaloceanspaces.com/pocket/A1/A1_021_EN.webp,A1,021,https://www.serebii.net/tcgpocket/image/grass.png,,,,,,,,,
22,Noadkoko,https://limitlesstcg.nyc3.cdn.digitaloceanspaces.com/pocket/A1/A1_022_EN.webp,A1,022,https://www.serebii.net/tcgpocket/image/grass.png,,,,,,,,,
23,Noadkoko EX,https://limitlesstcg.nyc3.cdn.digitaloceanspaces.com/pocket/A1/A1_023_EN.webp,A1,023,https://www.serebii.net/tcgpocket/image/grass.png,,,,,,,,,
24,Saquedeneu,https://limitlesstcg.nyc3.cdn.digitaloceanspaces.com/pocket/A1/A1_024_EN.webp,A1,024,https://www.serebii.net/tcgpocket/image/grass.png,,,,,,,,,
25,Insécateur,https://limitlesstcg.nyc3.cdn.digitaloceanspaces.com/pocket/A1/A1_025_EN.webp,A1,025,https://www.serebii.net/tcgpocket/image/grass.png,,,,,,,,,
26,Scarabrute,https://limitlesstcg.nyc3.cdn.digitaloceanspaces.com/pocket/A1/A1_026_EN.webp,A1,026,https://www.serebii.net/tcgpocket/image/grass.png,,,,,,,,,
27,Doudouvet,https://limitlesstcg.nyc3.cdn.digitaloceanspaces.com/pocket/A1/A1_027_EN.webp,A1,027,https://www.serebii.net/tcgpocket/image/grass.png,,,,,,,,,
28,Farfaduvet,https://limitlesstcg.nyc3.cdn.digitaloceanspaces.com/pocket/A1/A1_028_EN.webp,A1,028,https://www.serebii.net/tcgpocket/image/grass.png,,,,,,,,,
29,Chlorobule,https://limitlesstcg.nyc3.cdn.digitaloceanspaces.com/pocket/A1/A1_029_EN.webp,A1,029,https://www.serebii.net/tcgpocket/image/grass.png,,,,,,,,,
30,Fragilady,https://limitlesstcg.nyc3.cdn.digitaloceanspaces.com/pocket/A1/A1_030_EN.webp,A1,030,https://www.serebii.net/tcgpocket/image/grass.png,,,,,,,,,
31,Cabriolaine,https://limitlesstcg.nyc3.cdn.digitaloceanspaces.com/pocket/A1/A1_031_EN.webp,A1,031,https://www.serebii.net/tcgpocket/image/grass.png,,,,,,,,,
32,Chevroum,https://limitlesstcg.nyc3.cdn.digitaloceanspaces.com/pocket/A1/A1_032_EN.webp,A1,032,https://www.serebii.net/tcgpocket/image/grass.png,,,,,,,,,
33,Salamèche,https://limitlesstcg.nyc3.cdn.digitaloceanspaces.com/pocket/A1/A1_033_EN.webp,A1,033,https://www.serebii.net/tcgpocket/image/fire.png,,,,,,,,,
34,Reptincel,https://limitlesstcg.nyc3.cdn.digitaloceanspaces.com/pocket/A1/A1_034_EN.webp,A1,034,https://www.serebii.net/tcgpocket/image/fire.png,,,,,,,,,
35,Dracaufeu,https://limitlesstcg.nyc3.cdn.digitaloceanspaces.com/pocket/A1/A1_035_EN.webp,A1,035,https://www.serebii.net/tcgpocket/image/fire.png,,,,,,,,,
36,Dracaufeu EX,https://limitlesstcg.nyc3.cdn.digitaloceanspaces.com/pocket/A1/A1_036_EN.webp,A1,036,https://www.serebii.net/tcgpocket/image/fire.png,,,,,,,,,
37,Goupix,https://limitlesstcg.nyc3.cdn.digitaloceanspaces.com/pocket/A1/A1_037_EN.webp,A1,037,https://www.serebii.net/tcgpocket/image/fire.png,,,,,,,,,
38,Feunard,https://limitlesstcg.nyc3.cdn.digitaloceanspaces.com/pocket/A1/A1_038_EN.webp,A1,038,https://www.serebii.net/tcgpocket/image/fire.png,,,,,,,,,
39,Caninos,https://limitlesstcg.nyc3.cdn.digitaloceanspaces.com/pocket/A1/A1_039_EN.webp,A1,039,https://www.serebii.net/tcgpocket/image/fire.png,,,,,,,,,
40,Arcanin,https://limitlesstcg.nyc3.cdn.digitaloceanspaces.com/pocket/A1/A1_040_EN.webp,A1,040,https://www.serebii.net/tcgpocket/image/fire.png,,,,,,,,,
41,Arcanin EX,https://limitlesstcg.nyc3.cdn.digitaloceanspaces.com/pocket/A1/A1_041_EN.webp,A1,041,https://www.serebii.net/tcgpocket/image/fire.png,,,,,,,,,
42,Ponyta,https://limitlesstcg.nyc3.cdn.digitaloceanspaces.com/pocket/A1/A1_042_EN.webp,A1,042,https://www.serebii.net/tcgpocket/image/fire.png,,,,,,,,,
43,Galopa,https://limitlesstcg.nyc3.cdn.digitaloceanspaces.com/pocket/A1/A1_043_EN.webp,A1,043,https://www.serebii.net/tcgpocket/image/fire.png,,,,,,,,,
44,Magmar,https://limitlesstcg.nyc3.cdn.digitaloceanspaces.com/pocket/A1/A1_044_EN.webp,A1,044,https://www.serebii.net/tcgpocket/image/fire.png,,,,,,,,,
45,Pyroli,https://limitlesstcg.nyc3.cdn.digitaloceanspaces.com/pocket/A1/A1_045_EN.webp,A1,045,https://www.serebii.net/tcgpocket/image/fire.png,,,,,,,,,
46,Sulfura,https://limitlesstcg.nyc3.cdn.digitaloceanspaces.com/pocket/A1/A1_046_EN.webp,A1,046,https://www.serebii.net/tcgpocket/image/fire.png,,,,,,,,,
47,Sulfura EX,https://limitlesstcg.nyc3.cdn.digitaloceanspaces.com/pocket/A1/A1_047_EN.webp,A1,047,https://www.serebii.net/tcgpocket/image/fire.png,,,,,,,,,
48,Aflamanoir,https://limitlesstcg.nyc3.cdn.digitaloceanspaces.com/pocket/A1/A1_048_EN.webp,A1,048,https://www.serebii.net/tcgpocket/image/fire.png,,,,,,,,,
49,Tritox,https://limitlesstcg.nyc3.cdn.digitaloceanspaces.com/pocket/A1/A1_049_EN.webp,A1,049,https://www.serebii.net/tcgpocket/image/fire.png,,,,,,,,,
50,Malamandre,https://limitlesstcg.nyc3.cdn.digitaloceanspaces.com/pocket/A1/A1_050_EN.webp,A1,050,https://www.serebii.net/tcgpocket/image/fire.png,,,,,,,,,
51,Grillepattes,https://limitlesstcg.nyc3.cdn.digitaloceanspaces.com/pocket/A1/A1_051_EN.webp,A1,051,https://www.serebii.net/tcgpocket/image/fire.png,,,,,,,,,
52,Scolocendre,https://limitlesstcg.nyc3.cdn.digitaloceanspaces.com/pocket/A1/A1_052_EN.webp,A1,052,https://www.serebii.net/tcgpocket/image/fire.png,,,,,,,,,
53,Carapuce,https://limitlesstcg.nyc3.cdn.digitaloceanspaces.com/pocket/A1/A1_053_EN.webp,A1,053,https://www.serebii.net/tcgpocket/image/water.png,,,,,,,,,
54,Carabaffe,https://limitlesstcg.nyc3.cdn.digitaloceanspaces.com/pocket/A1/A1_054_EN.webp,A1,054,https://www.serebii.net/tcgpocket/image/water.png,,,,,,,,,
55,Tortank,https://limitlesstcg.nyc3.cdn.digitaloceanspaces.com/pocket/A1/A1_055_EN.webp,A1,055,https://www.serebii.net/tcgpocket/image/water.png,,,,,,,,,
56,Tortank EX,https://limitlesstcg.nyc3.cdn.digitaloceanspaces.com/pocket/A1/A1_056_EN.webp,A1,056,https://www.serebii.net/tcgpocket/image/water.png,,,,,,,,,
57,Psykokwak,https://limitlesstcg.nyc3.cdn.digitaloceanspaces.com/pocket/A1/A1_057_EN.webp,A1,057,https://www.serebii.net/tcgpocket/image/water.png,,,,,,,,,
58,Akwakwak,https://limitlesstcg.nyc3.cdn.digitaloceanspaces.com/pocket/A1/A1_058_EN.webp,A1,058,https://www.serebii.net/tcgpocket/image/water.png,,,,,,,,,
59,Ptitard,https://limitlesstcg.nyc3.cdn.digitaloceanspaces.com/pocket/A1/A1_059_EN.webp,A1,059,https://www.serebii.net/tcgpocket/image/water.png,,,,,,,,,
60,Têtarte,https://limitlesstcg.nyc3.cdn.digitaloceanspaces.com/pocket/A1/A1_060_EN.webp,A1,060,https://www.serebii.net/tcgpocket/image/water.png,,,,,,,,,
61,Tartard,https://limitlesstcg.nyc3.cdn.digitaloceanspaces.com/pocket/A1/A1_061_EN.webp,A1,061,https://www.serebii.net/tcgpocket/image/water.png,,,,,,,,,
62,Tentacool,https://limitlesstcg.nyc3.cdn.digitaloceanspaces.com/pocket/A1/A1_062_EN.webp,A1,062,https://www.serebii.net/tcgpocket/image/water.png,,,,,,,,,
63,Tentacruel,https://limitlesstcg.nyc3.cdn.digitaloceanspaces.com/pocket/A1/A1_063_EN.webp,A1,063,https://www.serebii.net/tcgpocket/image/water.png,,,,,,,,,
64,Otaria,https://limitlesstcg.nyc3.cdn.digitaloceanspaces.com/pocket/A1/A1_064_EN.webp,A1,064,https://www.serebii.net/tcgpocket/image/water.png,,,,,,,,,
65,Lamantine,https://limitlesstcg.nyc3.cdn.digitaloceanspaces.com/pocket/A1/A1_065_EN.webp,A1,065,https://www.serebii.net/tcgpocket/image/water.png,,,,,,,,,
66,Kokiyas,https://limitlesstcg.nyc3.cdn.digitaloceanspaces.com/pocket/A1/A1_066_EN.webp,A1,066,https://www.serebii.net/tcgpocket/image/water.png,,,,,,,,,
67,Crustabri,https://limitlesstcg.nyc3.cdn.digitaloceanspaces.com/pocket/A1/A1_067_EN.webp,A1,067,https://www.serebii.net/tcgpocket/image/water.png,,,,,,,,,
68,Krabby,https://limitlesstcg.nyc3.cdn.digitaloceanspaces.com/pocket/A1/A1_068_EN.webp,A1,068,https://www.serebii.net/tcgpocket/image/water.png,,,,,,,,,
69,Krabboss,https://limitlesstcg.nyc3.cdn.digitaloceanspaces.com/pocket/A1/A1_069_EN.webp,A1,069,https://www.serebii.net/tcgpocket/image/water.png,,,,,,,,,
70,Hypotrempe,https://limitlesstcg.nyc3.cdn.digitaloceanspaces.com/pocket/A1/A1_070_EN.webp,A1,070,https://www.serebii.net/tcgpocket/image/water.png,,,,,,,,,
71,Hypocéan,https://limitlesstcg.nyc3.cdn.digitaloceanspaces.com/pocket/A1/A1_071_EN.webp,A1,071,https://www.serebii.net/tcgpocket/image/water.png,,,,,,,,,
72,Poissirène,https://limitlesstcg.nyc3.cdn.digitaloceanspaces.com/pocket/A1/A1_072_EN.webp,A1,072,https://www.serebii.net/tcgpocket/image/water.png,,,,,,,,,
73,Poissoroy,https://limitlesstcg.nyc3.cdn.digitaloceanspaces.com/pocket/A1/A1_073_EN.webp,A1,073,https://www.serebii.net/tcgpocket/image/water.png,,,,,,,,,
74,Stari,https://limitlesstcg.nyc3.cdn.digitaloceanspaces.com/pocket/A1/A1_074_EN.webp,A1,074,https://www.serebii.net/tcgpocket/image/water.png,,,,,,,,,
75,Staross,https://limitlesstcg.nyc3.cdn.digitaloceanspaces.com/pocket/A1/A1_075_EN.webp,A1,075,https://www.serebii.net/tcgpocket/image/water.png,,,,,,,,,
76,Staross EX,https://limitlesstcg.nyc3.cdn.digitaloceanspaces.com/pocket/A1/A1_076_EN.webp,A1,076,https://www.serebii.net/tcgpocket/image/water.png,,,,,,,,,
77,Magicarpe,https://limitlesstcg.nyc3.cdn.digitaloceanspaces.com/pocket/A1/A1_077_EN.webp,A1,077,https://www.serebii.net/tcgpocket/image/water.png,,,,,,,,,
78,Léviator,https://limitlesstcg.nyc3.cdn.digitaloceanspaces.com/pocket/A1/A1_078_EN.webp,A1,078,https://www.serebii.net/tcgpocket/image/water.png,,,,,,,,,
79,Lokhlass,https://limitlesstcg.nyc3.cdn.digitaloceanspaces.com/pocket/A1/A1_079_EN.webp,A1,079,https://www.serebii.net/tcgpocket/image/water.png,,,,,,,,,
80,Aquali,https://limitlesstcg.nyc3.cdn.digitaloceanspaces.com/pocket/A1/A1_080_EN.webp,A1,080,https://www.serebii.net/tcgpocket/image/water.png,,,,,,,,,
81,Amonita,https://limitlesstcg.nyc3.cdn.digitaloceanspaces.com/pocket/A1/A1_081_EN.webp,A1,081,https://www.serebii.net/tcgpocket/image/water.png,,,,,,,,,
82,Amonistar,https://limitlesstcg.nyc3.cdn.digitaloceanspaces.com/pocket/A1/A1_082_EN.webp,A1,082,https://www.serebii.net/tcgpocket/image/water.png,,,,,,,,,
83,Artikodin,https://limitlesstcg.nyc3.cdn.digitaloceanspaces.com/pocket/A1/A1_083_EN.webp,A1,083,https://www.serebii.net/tcgpocket/image/water.png,,,,,,,,,
84,Artikodin EX,https://limitlesstcg.nyc3.cdn.digitaloceanspaces.com/pocket/A1/A1_084_EN.webp,A1,084,https://www.serebii.net/tcgpocket/image/water.png,,,,,,,,,
85,Couaneton,https://limitlesstcg.nyc3.cdn.digitaloceanspaces.com/pocket/A1/A1_085_EN.webp,A1,085,https://www.serebii.net/tcgpocket/image/water.png,,,,,,,,,
86,Lakmécygne,https://limitlesstcg.nyc3.cdn.digitaloceanspaces.com/pocket/A1/A1_086_EN.webp,A1,086,https://www.serebii.net/tcgpocket/image/water.png,,,,,,,,,
87,Grenousse,https://limitlesstcg.nyc3.cdn.digitaloceanspaces.com/pocket/A1/A1_087_EN.webp,A1,087,https://www.serebii.net/tcgpocket/image/water.png,,,,,,,,,
88,Croâporal,https://limitlesstcg.nyc3.cdn.digitaloceanspaces.com/pocket/A1/A1_088_EN.webp,A1,088,https://www.serebii.net/tcgpocket/image/water.png,,,,,,,,,
89,Amphinobi,https://limitlesstcg.nyc3.cdn.digitaloceanspaces.com/pocket/A1/A1_089_EN.webp,A1,089,https://www.serebii.net/tcgpocket/image/water.png,,,,,,,,,
90,Concombaffe,https://limitlesstcg.nyc3.cdn.digitaloceanspaces.com/pocket/A1/A1_090_EN.webp,A1,090,https://www.serebii.net/tcgpocket/image/water.png,,,,,,,,,
91,Denticrisse,https://limitlesstcg.nyc3.cdn.digitaloceanspaces.com/pocket/A1/A1_091_EN.webp,A1,091,https://www.serebii.net/tcgpocket/image/water.png,,,,,,,,,
92,Frisonille,https://limitlesstcg.nyc3.cdn.digitaloceanspaces.com/pocket/A1/A1_092_EN.webp,A1,092,https://www.serebii.net/tcgpocket/image/water.png,,,,,,,,,
93,Beldeneige,https://limitlesstcg.nyc3.cdn.digitaloceanspaces.com/pocket/A1/A1_093_EN.webp,A1,093,https://www.serebii.net/tcgpocket/image/water.png,,,,,,,,,
94,Pikachu,https://limitlesstcg.nyc3.cdn.digitaloceanspaces.com/pocket/A1/A1_094_EN.webp,A1,094,https://www.serebii.net/tcgpocket/image/electric.png,,,,,,,,,
95,Raichu,https://limitlesstcg.nyc3.cdn.digitaloceanspaces.com/pocket/A1/A1_095_EN.webp,A1,095,https://www.serebii.net/tcgpocket/image/electric.png,,,,,,,,,
96,Pikachu EX,https://limitlesstcg.nyc3.cdn.digitaloceanspaces.com/pocket/A1/A1_096_EN.webp,A1,096,https://www.serebii.net/tcgpocket/image/electric.png,,,,,,,,,
97,Magnéti,https://limitlesstcg.nyc3.cdn.digitaloceanspaces.com/pocket/A1/A1_097_EN.webp,A1,097,https://www.serebii.net/tcgpocket/image/electric.png,,,,,,,,,
98,Magnéton,https://limitlesstcg.nyc3.cdn.digitaloceanspaces.com/pocket/A1/A1_098_EN.webp,A1,098,https://www.serebii.net/tcgpocket/image/electric.png,,,,,,,,,
99,Voltorbe,https://limitlesstcg.nyc3.cdn.digitaloceanspaces.com/pocket/A1/A1_099_EN.webp,A1,099,https://www.serebii.net/tcgpocket/image/electric.png,,,,,,,,,
100,Électrode,https://limitlesstcg.nyc3.cdn.digitaloceanspaces.com/pocket/A1/A1_100_EN.webp,A1,100,https://www.serebii.net/tcgpocket/image/electric.png,,,,,,,,,
101,Élektek,https://limitlesstcg.nyc3.cdn.digitaloceanspaces.com/pocket/A1/A1_101_EN.webp,A1,101,https://www.serebii.net/tcgpocket/image/electric.png,,,,,,,,,
102,Voltali,https://limitlesstcg.nyc3.cdn.digitaloceanspaces.com/pocket/A1/A1_102_EN.webp,A1,102,https://www.serebii.net/tcgpocket/image/electric.png,,,,,,,,,
103,Électhor,https://limitlesstcg.nyc3.cdn.digitaloceanspaces.com/pocket/A1/A1_103_EN.webp,A1,103,https://www.serebii.net/tcgpocket/image/electric.png,,,,,,,,,
104,Électhor EX,https://limitlesstcg.nyc3.cdn.digitaloceanspaces.com/pocket/A1/A1_104_EN.webp,A1,104,https://www.serebii.net/tcgpocket/image/electric.png,,,,,,,,,
105,Zébibron,https://limitlesstcg.nyc3.cdn.digitaloceanspaces.com/pocket/A1/A1_105_EN.webp,A1,105,https://www.serebii.net/tcgpocket/image/electric.png,,,,,,,,,
106,Zéblitz,https://limitlesstcg.nyc3.cdn.digitaloceanspaces.com/pocket/A1/A1_106_EN.webp,A1,106,https://www.serebii.net/tcgpocket/image/electric.png,,,,,,,,,
107,Anchwatt,https://limitlesstcg.nyc3.cdn.digitaloceanspaces.com/pocket/A1/A1_107_EN.webp,A1,107,https://www.serebii.net/tcgpocket/image/electric.png,,,,,,,,,
108,Lampéroie,https://limitlesstcg.nyc3.cdn.digitaloceanspaces.com/pocket/A1/A1_108_EN.webp,A1,108,https://www.serebii.net/tcgpocket/image/electric.png,,,,,,,,,
109,Ohmassacre,https://limitlesstcg.nyc3.cdn.digitaloceanspaces.com/pocket/A1/A1_109_EN.webp,A1,109,https://www.serebii.net/tcgpocket/image/electric.png,,,,,,,,,
110,Galvaran,https://limitlesstcg.nyc3.cdn.digitaloceanspaces.com/pocket/A1/A1_110_EN.webp,A1,110,https://www.serebii.net/tcgpocket/image/electric.png,,,,,,,,,
111,Iguolta,https://limitlesstcg.nyc3.cdn.digitaloceanspaces.com/pocket/A1/A1_111_EN.webp,A1,111,https://www.serebii.net/tcgpocket/image/electric.png,,,,,,,,,
112,Wattapik,https://limitlesstcg.nyc3.cdn.digitaloceanspaces.com/pocket/A1/A1_112_EN.webp,A1,112,https://www.serebii.net/tcgpocket/image/electric.png,,,,,,,,,
113,Mélofée,https://limitlesstcg.nyc3.cdn.digitaloceanspaces.com/pocket/A1/A1_113_EN.webp,A1,113,https://www.serebii.net/tcgpocket/image/psychic.png,,,,,,,,,
114,Mélodelfe,https://limitlesstcg.nyc3.cdn.digitaloceanspaces.com/pocket/A1/A1_114_EN.webp,A1,114,https://www.serebii.net/tcgpocket/image/psychic.png,,,,,,,,,
115,Abra,https://limitlesstcg.nyc3.cdn.digitaloceanspaces.com/pocket/A1/A1_115_EN.webp,A1,115,https://www.serebii.net/tcgpocket/image/psychic.png,,,,,,,,,
116,Kadabra,https://limitlesstcg.nyc3.cdn.digitaloceanspaces.com/pocket/A1/A1_116_EN.webp,A1,116,https://www.serebii.net/tcgpocket/image/psychic.png,,,,,,,,,
117,Alakazam,https://limitlesstcg.nyc3.cdn.digitaloceanspaces.com/pocket/A1/A1_117_EN.webp,A1,117,https://www.serebii.net/tcgpocket/image/psychic.png,,,,,,,,,
118,Ramoloss,https://limitlesstcg.nyc3.cdn.digitaloceanspaces.com/pocket/A1/A1_118_EN.webp,A1,118,https://www.serebii.net/tcgpocket/image/psychic.png,,,,,,,,,
119,Flagadoss,https://limitlesstcg.nyc3.cdn.digitaloceanspaces.com/pocket/A1/A1_119_EN.webp,A1,119,https://www.serebii.net/tcgpocket/image/psychic.png,,,,,,,,,
120,Fantominus,https://limitlesstcg.nyc3.cdn.digitaloceanspaces.com/pocket/A1/A1_120_EN.webp,A1,120,https://www.serebii.net/tcgpocket/image/psychic.png,,,,,,,,,
121,Spectrum,https://limitlesstcg.nyc3.cdn.digitaloceanspaces.com/pocket/A1/A1_121_EN.webp,A1,121,https://www.serebii.net/tcgpocket/image/psychic.png,,,,,,,,,
122,Ectoplasma,https://limitlesstcg.nyc3.cdn.digitaloceanspaces.com/pocket/A1/A1_122_EN.webp,A1,122,https://www.serebii.net/tcgpocket/image/psychic.png,,,,,,,,,
123,Ectoplasma EX,https://limitlesstcg.nyc3.cdn.digitaloceanspaces.com/pocket/A1/A1_123_EN.webp,A1,123,https://www.serebii.net/tcgpocket/image/psychic.png,,,,,,,,,
124,Soporifik,https://limitlesstcg.nyc3.cdn.digitaloceanspaces.com/pocket/A1/A1_124_EN.webp,A1,124,https://www.serebii.net/tcgpocket/image/psychic.png,,,,,,,,,
125,Hypnomade,https://limitlesstcg.nyc3.cdn.digitaloceanspaces.com/pocket/A1/A1_125_EN.webp,A1,125,https://www.serebii.net/tcgpocket/image/psychic.png,,,,,,,,,
126,M. Mime,https://limitlesstcg.nyc3.cdn.digitaloceanspaces.com/pocket/A1/A1_126_EN.webp,A1,126,https://www.serebii.net/tcgpocket/image/psychic.png,,,,,,,,,
127,Lippoutou,https://limitlesstcg.nyc3.cdn.digitaloceanspaces.com/pocket/A1/A1_127_EN.webp,A1,127,https://www.serebii.net/tcgpocket/image/psychic.png,,,,,,,,,
128,Mewtwo,https://limitlesstcg.nyc3.cdn.digitaloceanspaces.com/pocket/A1/A1_128_EN.webp,A1,128,https://www.serebii.net/tcgpocket/image/psychic.png,,,,,,,,,
129,Mewtwo EX,https://limitlesstcg.nyc3.cdn.digitaloceanspaces.com/pocket/A1/A1_129_EN.webp,A1,129,https://www.serebii.net/tcgpocket/image/psychic.png,,,,,,,,,
130,Tarsal,https://limitlesstcg.nyc3.cdn.digitaloceanspaces.com/pocket/A1/A1_130_EN.webp,A1,130,https://www.serebii.net/tcgpocket/image/psychic.png,,,,,,,,,
131,Kirlia,https://limitlesstcg.nyc3.cdn.digitaloceanspaces.com/pocket/A1/A1_131_EN.webp,A1,131,https://www.serebii.net/tcgpocket/image/psychic.png,,,,,,,,,
132,Gardevoir,https://limitlesstcg.nyc3.cdn.digitaloceanspaces.com/pocket/A1/A1_132_EN.webp,A1,132,https://www.serebii.net/tcgpocket/image/psychic.png,,,,,,,,,
133,Chovsourir,https://limitlesstcg.nyc3.cdn.digitaloceanspaces.com/pocket/A1/A1_133_EN.webp,A1,133,https://www.serebii.net/tcgpocket/image/psychic.png,,,,,,,,,
134,Rhinolove,https://limitlesstcg.nyc3.cdn.digitaloceanspaces.com/pocket/A1/A1_134_EN.webp,A1,134,https://www.serebii.net/tcgpocket/image/psychic.png,,,,,,,,,
135,Gringolem,https://limitlesstcg.nyc3.cdn.digitaloceanspaces.com/pocket/A1/A1_135_EN.webp,A1,135,https://www.serebii.net/tcgpocket/image/psychic.png,,,,,,,,,
136,Golemastoc,https://limitlesstcg.nyc3.cdn.digitaloceanspaces.com/pocket/A1/A1_136_EN.webp,A1,136,https://www.serebii.net/tcgpocket/image/psychic.png,,,,,,,,,
137,Sabelette,https://limitlesstcg.nyc3.cdn.digitaloceanspaces.com/pocket/A1/A1_137_EN.webp,A1,137,https://www.serebii.net/tcgpocket/image/fighting.png,,,,,,,,,
138,Sablaireau,https://limitlesstcg.nyc3.cdn.digitaloceanspaces.com/pocket/A1/A1_138_EN.webp,A1,138,https://www.serebii.net/tcgpocket/image/fighting.png,,,,,,,,,
139,Taupiqueur,https://limitlesstcg.nyc3.cdn.digitaloceanspaces.com/pocket/A1/A1_139_EN.webp,A1,139,https://www.serebii.net/tcgpocket/image/fighting.png,,,,,,,,,
140,Triopikeur,https://limitlesstcg.nyc3.cdn.digitaloceanspaces.com/pocket/A1/A1_140_EN.webp,A1,140,https://www.serebii.net/tcgpocket/image/fighting.png,,,,,,,,,
141,Férosinge,https://limitlesstcg.nyc3.cdn.digitaloceanspaces.com/pocket/A1/A1_141_EN.webp,A1,141,https://www.serebii.net/tcgpocket/image/fighting.png,,,,,,,,,
142,Colossinge,https://limitlesstcg.nyc3.cdn.digitaloceanspaces.com/pocket/A1/A1_142_EN.webp,A1,142,https://www.serebii.net/tcgpocket/image/fighting.png,,,,,,,,,
143,Machoc,https://limitlesstcg.nyc3.cdn.digitaloceanspaces.com/pocket/A1/A1_143_EN.webp,A1,143,https://www.serebii.net/tcgpocket/image/fighting.png,,,,,,,,,
144,Machopeur,https://limitlesstcg.nyc3.cdn.digitaloceanspaces.com/pocket/A1/A1_144_EN.webp,A1,144,https://www.serebii.net/tcgpocket/image/fighting.png,,,,,,,,,
145,Mackogneur,https://limitlesstcg.nyc3.cdn.digitaloceanspaces.com/pocket/A1/A1_145_EN.webp,A1,145,https://www.serebii.net/tcgpocket/image/fighting.png,,,,,,,,,
146,Mackogneur EX,https://limitlesstcg.nyc3.cdn.digitaloceanspaces.com/pocket/A1/A1_146_EN.webp,A1,146,https://www.serebii.net/tcgpocket/image/fighting.png,,,,,,,,,
147,Racaillou,https://limitlesstcg.nyc3.cdn.digitaloceanspaces.com/pocket/A1/A1_147_EN.webp,A1,147,https://www.serebii.net/tcgpocket/image/fighting.png,,,,,,,,,
148,Gravalanch,https://limitlesstcg.nyc3.cdn.digitaloceanspaces.com/pocket/A1/A1_148_EN.webp,A1,148,https://www.serebii.net/tcgpocket/image/fighting.png,,,,,,,,,
149,Grolem,https://limitlesstcg.nyc3.cdn.digitaloceanspaces.com/pocket/A1/A1_149_EN.webp,A1,149,https://www.serebii.net/tcgpocket/image/fighting.png,,,,,,,,,
150,Onix,https://limitlesstcg.nyc3.cdn.digitaloceanspaces.com/pocket/A1/A1_150_EN.webp,A1,150,https://www.serebii.net/tcgpocket/image/fighting.png,,,,,,,,,
151,Osselait,https://limitlesstcg.nyc3.cdn.digitaloceanspaces.com/pocket/A1/A1_151_EN.webp,A1,151,https://www.serebii.net/tcgpocket/image/fighting.png,,,,,,,,,
152,Ossatueur,https://limitlesstcg.nyc3.cdn.digitaloceanspaces.com/pocket/A1/A1_152_EN.webp,A1,152,https://www.serebii.net/tcgpocket/image/fighting.png,,,,,,,,,
153,Ossatueur EX,https://limitlesstcg.nyc3.cdn.digitaloceanspaces.com/pocket/A1/A1_153_EN.webp,A1,153,https://www.serebii.net/tcgpocket/image/fighting.png,,,,,,,,,
154,Kicklee,https://limitlesstcg.nyc3.cdn.digitaloceanspaces.com/pocket/A1/A1_154_EN.webp,A1,154,https://www.serebii.net/tcgpocket/image/fighting.png,,,,,,,,,
155,Tygnon,https://limitlesstcg.nyc3.cdn.digitaloceanspaces.com/pocket/A1/A1_155_EN.webp,A1,155,https://www.serebii.net/tcgpocket/image/fighting.png,,,,,,,,,
156,Rhinocorne,https://limitlesstcg.nyc3.cdn.digitaloceanspaces.com/pocket/A1/A1_156_EN.webp,A1,156,https://www.serebii.net/tcgpocket/image/fighting.png,,,,,,,,,
157,Rhinoféros,https://limitlesstcg.nyc3.cdn.digitaloceanspaces.com/pocket/A1/A1_157_EN.webp,A1,157,https://www.serebii.net/tcgpocket/image/fighting.png,,,,,,,,,
158,Kabuto,https://limitlesstcg.nyc3.cdn.digitaloceanspaces.com/pocket/A1/A1_158_EN.webp,A1,158,https://www.serebii.net/tcgpocket/image/fighting.png,,,,,,,,,
159,Kabutops,https://limitlesstcg.nyc3.cdn.digitaloceanspaces.com/pocket/A1/A1_159_EN.webp,A1,159,https://www.serebii.net/tcgpocket/image/fighting.png,,,,,,,,,
160,Kungfouine,https://limitlesstcg.nyc3.cdn.digitaloceanspaces.com/pocket/A1/A1_160_EN.webp,A1,160,https://www.serebii.net/tcgpocket/image/fighting.png,,,,,,,,,
161,Shaofouine,https://limitlesstcg.nyc3.cdn.digitaloceanspaces.com/pocket/A1/A1_161_EN.webp,A1,161,https://www.serebii.net/tcgpocket/image/fighting.png,,,,,,,,,
162,Poulpaf,https://limitlesstcg.nyc3.cdn.digitaloceanspaces.com/pocket/A1/A1_162_EN.webp,A1,162,https://www.serebii.net/tcgpocket/image/fighting.png,,,,,,,,,
163,Krakos,https://limitlesstcg.nyc3.cdn.digitaloceanspaces.com/pocket/A1/A1_163_EN.webp,A1,163,https://www.serebii.net/tcgpocket/image/fighting.png,,,,,,,,,
164,Abo,https://limitlesstcg.nyc3.cdn.digitaloceanspaces.com/pocket/A1/A1_164_EN.webp,A1,164,https://www.serebii.net/tcgpocket/image/darkness.png,,,,,,,,,
165,Arbok,https://limitlesstcg.nyc3.cdn.digitaloceanspaces.com/pocket/A1/A1_165_EN.webp,A1,165,https://www.serebii.net/tcgpocket/image/darkness.png,,,,,,,,,
166,Nidoran,https://limitlesstcg.nyc3.cdn.digitaloceanspaces.com/pocket/A1/A1_166_EN.webp,A1,166,https://www.serebii.net/tcgpocket/image/darkness.png,,,,,,,,,
167,Nidorina,https://limitlesstcg.nyc3.cdn.digitaloceanspaces.com/pocket/A1/A1_167_EN.webp,A1,167,https://www.serebii.net/tcgpocket/image/darkness.png,,,,,,,,,
168,Nidoqueen,https://limitlesstcg.nyc3.cdn.digitaloceanspaces.com/pocket/A1/A1_168_EN.webp,A1,168,https://www.serebii.net/tcgpocket/image/darkness.png,,,,,,,,,
169,Nidoran,https://limitlesstcg.nyc3.cdn.digitaloceanspaces.com/pocket/A1/A1_169_EN.webp,A1,169,https://www.serebii.net/tcgpocket/image/darkness.png,,,,,,,,,
170,Nidorino,https://limitlesstcg.nyc3.cdn.digitaloceanspaces.com/pocket/A1/A1_170_EN.webp,A1,170,https://www.serebii.net/tcgpocket/image/darkness.png,,,,,,,,,
171,Nidoking,https://limitlesstcg.nyc3.cdn.digitaloceanspaces.com/pocket/A1/A1_171_EN.webp,A1,171,https://www.serebii.net/tcgpocket/image/darkness.png,,,,,,,,,
172,Nosferapti,https://limitlesstcg.nyc3.cdn.digitaloceanspaces.com/pocket/A1/A1_172_EN.webp,A1,172,https://www.serebii.net/tcgpocket/image/darkness.png,,,,,,,,,
173,Nosferalto,https://limitlesstcg.nyc3.cdn.digitaloceanspaces.com/pocket/A1/A1_173_EN.webp,A1,173,https://www.serebii.net/tcgpocket/image/darkness.png,,,,,,,,,
174,Tadmorv,https://limitlesstcg.nyc3.cdn.digitaloceanspaces.com/pocket/A1/A1_174_EN.webp,A1,174,https://www.serebii.net/tcgpocket/image/darkness.png,,,,,,,,,
175,Grotadmorv,https://limitlesstcg.nyc3.cdn.digitaloceanspaces.com/pocket/A1/A1_175_EN.webp,A1,175,https://www.serebii.net/tcgpocket/image/darkness.png,,,,,,,,,
176,Smogo,https://limitlesstcg.nyc3.cdn.digitaloceanspaces.com/pocket/A1/A1_176_EN.webp,A1,176,https://www.serebii.net/tcgpocket/image/darkness.png,,,,,,,,,
177,Smogogo,https://limitlesstcg.nyc3.cdn.digitaloceanspaces.com/pocket/A1/A1_177_EN.webp,A1,177,https://www.serebii.net/tcgpocket/image/darkness.png,,,,,,,,,
178,Mysdibule,https://limitlesstcg.nyc3.cdn.digitaloceanspaces.com/pocket/A1/A1_178_EN.webp,A1,178,https://www.serebii.net/tcgpocket/image/metal.png,,,,,,,,,
179,Scalpion,https://limitlesstcg.nyc3.cdn.digitaloceanspaces.com/pocket/A1/A1_179_EN.webp,A1,179,https://www.serebii.net/tcgpocket/image/metal.png,,,,,,,,,
180,Scalproie,https://limitlesstcg.nyc3.cdn.digitaloceanspaces.com/pocket/A1/A1_180_EN.webp,A1,180,https://www.serebii.net/tcgpocket/image/metal.png,,,,,,,,,
181,Meltan,https://limitlesstcg.nyc3.cdn.digitaloceanspaces.com/pocket/A1/A1_181_EN.webp,A1,181,https://www.serebii.net/tcgpocket/image/metal.png,,,,,,,,,
182,Melmetal,https://limitlesstcg.nyc3.cdn.digitaloceanspaces.com/pocket/A1/A1_182_EN.webp,A1,182,https://www.serebii.net/tcgpocket/image/metal.png,,,,,,,,,
183,Minidraco,https://limitlesstcg.nyc3.cdn.digitaloceanspaces.com/pocket/A1/A1_183_EN.webp,A1,183,https://www.serebii.net/tcgpocket/image/dragon.png,,,,,,,,,
184,Draco,https://limitlesstcg.nyc3.cdn.digitaloceanspaces.com/pocket/A1/A1_184_EN.webp,A1,184,https://www.serebii.net/tcgpocket/image/dragon.png,,,,,,,,,
185,Dracolosse,https://limitlesstcg.nyc3.cdn.digitaloceanspaces.com/pocket/A1/A1_185_EN.webp,A1,185,https://www.serebii.net/tcgpocket/image/dragon.png,,,,,,,,,
186,Roucool,https://limitlesstcg.nyc3.cdn.digitaloceanspaces.com/pocket/A1/A1_186_EN.webp,A1,186,https://www.serebii.net/tcgpocket/image/colorless.png,,,,,,,,,
187,Roucoups,https://limitlesstcg.nyc3.cdn.digitaloceanspaces.com/pocket/A1/A1_187_EN.webp,A1,187,https://www.serebii.net/tcgpocket/image/colorless.png,,,,,,,,,
188,Roucarnage,https://limitlesstcg.nyc3.cdn.digitaloceanspaces.com/pocket/A1/A1_188_EN.webp,A1,188,https://www.serebii.net/tcgpocket/image/colorless.png,,,,,,,,,
189,Rattata,https://limitlesstcg.nyc3.cdn.digitaloceanspaces.com/pocket/A1/A1_189_EN.webp,A1,189,https://www.serebii.net/tcgpocket/image/colorless.png,,,,,,,,,
190,Rattatac,https://limitlesstcg.nyc3.cdn.digitaloceanspaces.com/pocket/A1/A1_190_EN.webp,A1,190,https://www.serebii.net/tcgpocket/image/colorless.png,,,,,,,,,
191,Piafabec,https://limitlesstcg.nyc3.cdn.digitaloceanspaces.com/pocket/A1/A1_191_EN.webp,A1,191,https://www.serebii.net/tcgpocket/image/colorless.png,,,,,,,,,
192,Rapasdepic,https://limitlesstcg.nyc3.cdn.digitaloceanspaces.com/pocket/A1/A1_192_EN.webp,A1,192,https://www.serebii.net/tcgpocket/image/colorless.png,,,,,,,,,
193,Rondoudou,https://limitlesstcg.nyc3.cdn.digitaloceanspaces.com/pocket/A1/A1_193_EN.webp,A1,193,https://www.serebii.net/tcgpocket/image/colorless.png,,,,,,,,,
194,Grodoudou,https://limitlesstcg.nyc3.cdn.digitaloceanspaces.com/pocket/A1/A1_194_EN.webp,A1,194,https://www.serebii.net/tcgpocket/image/colorless.png,,,,,,,,,
195,Grodoudou EX,https://limitlesstcg.nyc3.cdn.digitaloceanspaces.com/pocket/A1/A1_195_EN.webp,A1,195,https://www.serebii.net/tcgpocket/image/colorless.png,,,,,,,,,
196,Miaouss,https://limitlesstcg.nyc3.cdn.digitaloceanspaces.com/pocket/A1/A1_196_EN.webp,A1,196,https://www.serebii.net/tcgpocket/image/colorless.png,,,,,,,,,
197,Persian,https://limitlesstcg.nyc3.cdn.digitaloceanspaces.com/pocket/A1/A1_197_EN.webp,A1,197,https://www.serebii.net/tcgpocket/image/colorless.png,,,,,,,,,
198,Canarticho,https://limitlesstcg.nyc3.cdn.digitaloceanspaces.com/pocket/A1/A1_198_EN.webp,A1,198,https://www.serebii.net/tcgpocket/image/colorless.png,,,,,,,,,
199,Doduo,https://limitlesstcg.nyc3.cdn.digitaloceanspaces.com/pocket/A1/A1_199_EN.webp,A1,199,https://www.serebii.net/tcgpocket/image/colorless.png,,,,,,,,,
200,Dodrio,https://limitlesstcg.nyc3.cdn.digitaloceanspaces.com/pocket/A1/A1_200_EN.webp,A1,200,https://www.serebii.net/tcgpocket/image/colorless.png,,,,,,,,,
201,Excelangue,https://limitlesstcg.nyc3.cdn.digitaloceanspaces.com/pocket/A1/A1_201_EN.webp,A1,201,https://www.serebii.net/tcgpocket/image/colorless.png,,,,,,,,,
202,Leveinard,https://limitlesstcg.nyc3.cdn.digitaloceanspaces.com/pocket/A1/A1_202_EN.webp,A1,202,https://www.serebii.net/tcgpocket/image/colorless.png,,,,,,,,,
203,Kangourex,https://limitlesstcg.nyc3.cdn.digitaloceanspaces.com/pocket/A1/A1_203_EN.webp,A1,203,https://www.serebii.net/tcgpocket/image/colorless.png,,,,,,,,,
204,Tauros,https://limitlesstcg.nyc3.cdn.digitaloceanspaces.com/pocket/A1/A1_204_EN.webp,A1,204,https://www.serebii.net/tcgpocket/image/colorless.png,,,,,,,,,
205,Métamorph,https://limitlesstcg.nyc3.cdn.digitaloceanspaces.com/pocket/A1/A1_205_EN.webp,A1,205,https://www.serebii.net/tcgpocket/image/colorless.png,,,,,,,,,
206,Évoli,https://limitlesstcg.nyc3.cdn.digitaloceanspaces.com/pocket/A1/A1_206_EN.webp,A1,206,https://www.serebii.net/tcgpocket/image/colorless.png,,,,,,,,,
207,Évoli,https://limitlesstcg.nyc3.cdn.digitaloceanspaces.com/pocket/A1/A1_207_EN.webp,A1,207,https://www.serebii.net/tcgpocket/image/colorless.png,,,,,,,,,
208,Évoli,https://limitlesstcg.nyc3.cdn.digitaloceanspaces.com/pocket/A1/A1_208_EN.webp,A1,208,https://www.serebii.net/tcgpocket/image/colorless.png,,,,,,,,,
209,Porygon,https://limitlesstcg.nyc3.cdn.digitaloceanspaces.com/pocket/A1/A1_209_EN.webp,A1,209,https://www.serebii.net/tcgpocket/image/colorless.png,,,,,,,,,
210,Ptéra,https://limitlesstcg.nyc3.cdn.digitaloceanspaces.com/pocket/A1/A1_210_EN.webp,A1,210,https://www.serebii.net/tcgpocket/image/colorless.png,,,,,,,,,
211,Ronflex,https://limitlesstcg.nyc3.cdn.digitaloceanspaces.com/pocket/A1/A1_211_EN.webp,A1,211,https://www.serebii.net/tcgpocket/image/colorless.png,,,,,,,,,
212,Chinchidou,https://limitlesstcg.nyc3.cdn.digitaloceanspaces.com/pocket/A1/A1_212_EN.webp,A1,212,https://www.serebii.net/tcgpocket/image/colorless.png,,,,,,,,,
213,Pashmilla,https://limitlesstcg.nyc3.cdn.digitaloceanspaces.com/pocket/A1/A1_213_EN.webp,A1,213,https://www.serebii.net/tcgpocket/image/colorless.png,,,,,,,,,
214,Moumouton,https://limitlesstcg.nyc3.cdn.digitaloceanspaces.com/pocket/A1/A1_214_EN.webp,A1,214,https://www.serebii.net/tcgpocket/image/colorless.png,,,,,,,,,
215,Moumouflon,https://limitlesstcg.nyc3.cdn.digitaloceanspaces.com/pocket/A1/A1_215_EN.webp,A1,215,https://www.serebii.net/tcgpocket/image/colorless.png,,,,,,,,,
216,Fossile Nautile,https://limitlesstcg.nyc3.cdn.digitaloceanspaces.com/pocket/A1/A1_216_EN.webp,A1,216,Objet,,,,,,,,,
217,Fossile Dôme,https://limitlesstcg.nyc3.cdn.digitaloceanspaces.com/pocket/A1/A1_217_EN.webp,A1,217,Objet,,,,,,,,,
218,Vieil Ambre,https://limitlesstcg.nyc3.cdn.digitaloceanspaces.com/pocket/A1/A1_218_EN.webp,A1,218,Objet,,,,,,,,,
219,Erika,https://limitlesstcg.nyc3.cdn.digitaloceanspaces.com/pocket/A1/A1_219_EN.webp,A1,219,Dresseur,,,,,,,,,
220,Ondine,https://limitlesstcg.nyc3.cdn.digitaloceanspaces.com/pocket/A1/A1_220_EN.webp,A1,220,Dresseur,,,,,,,,,
221,Auguste,https://limitlesstcg.nyc3.cdn.digitaloceanspaces.com/pocket/A1/A1_221_EN.webp,A1,221,Dresseur,,,,,,,,,
222,Koga,https://limitlesstcg.nyc3.cdn.digitaloceanspaces.com/pocket/A1/A1_222_EN.webp,A1,222,Dresseur,,,,,,,,,
223,Giovanni,https://limitlesstcg.nyc3.cdn.digitaloceanspaces.com/pocket/A1/A1_223_EN.webp,A1,223,Dresseur,,,,,,,,,
224,Pierre,https://limitlesstcg.nyc3.cdn.digitaloceanspaces.com/pocket/A1/A1_224_EN.webp,A1,224,Dresseur,,,,,,,,,
225,Morgane,https://limitlesstcg.nyc3.cdn.digitaloceanspaces.com/pocket/A1/A1_225_EN.webp,A1,225,Dresseur,,,,,,,,,
226,Major Bob,https://limitlesstcg.nyc3.cdn.digitaloceanspaces.com/pocket/A1/A1_226_EN.webp,A1,226,Dresseur,,,,,,,,,
227,Bulbizarre,https://limitlesstcg.nyc3.cdn.digitaloceanspaces.com/pocket/A1/A1_227_EN.webp,A1,227,https://www.serebii.net/tcgpocket/image/grass.png,,,,,,,,,
228,Ortide,https://limitlesstcg.nyc3.cdn.digitaloceanspaces.com/pocket/A1/A1_228_EN.webp,A1,228,https://www.serebii.net/tcgpocket/image/grass.png,,,,,,,,,
229,Scarabrute,https://limitlesstcg.nyc3.cdn.digitaloceanspaces.com/pocket/A1/A1_229_EN.webp,A1,229,https://www.serebii.net/tcgpocket/image/grass.png,,,,,,,,,
230,Salamèche,https://limitlesstcg.nyc3.cdn.digitaloceanspaces.com/pocket/A1/A1_230_EN.webp,A1,230,https://www.serebii.net/tcgpocket/image/fire.png,,,,,,,,,
231,Galopa,https://limitlesstcg.nyc3.cdn.digitaloceanspaces.com/pocket/A1/A1_231_EN.webp,A1,231,https://www.serebii.net/tcgpocket/image/fire.png,,,,,,,,,
232,Carapuce,https://limitlesstcg.nyc3.cdn.digitaloceanspaces.com/pocket/A1/A1_232_EN.webp,A1,232,https://www.serebii.net/tcgpocket/image/water.png,,,,,,,,,
233,Léviator,https://limitlesstcg.nyc3.cdn.digitaloceanspaces.com/pocket/A1/A1_233_EN.webp,A1,233,https://www.serebii.net/tcgpocket/image/water.png,,,,,,,,,
234,Lokhlass,https://limitlesstcg.nyc3.cdn.digitaloceanspaces.com/pocket/A1/A1_234_EN.webp,A1,234,https://www.serebii.net/tcgpocket/image/water.png,,,,,,,,,
235,Électrode,https://limitlesstcg.nyc3.cdn.digitaloceanspaces.com/pocket/A1/A1_235_EN.webp,A1,235,https://www.serebii.net/tcgpocket/image/electric.png,,,,,,,,,
236,Alakazam,https://limitlesstcg.nyc3.cdn.digitaloceanspaces.com/pocket/A1/A1_236_EN.webp,A1,236,https://www.serebii.net/tcgpocket/image/psychic.png,,,,,,,,,
237,Flagadoss,https://limitlesstcg.nyc3.cdn.digitaloceanspaces.com/pocket/A1/A1_237_EN.webp,A1,237,https://www.serebii.net/tcgpocket/image/psychic.png,,,,,,,,,
238,Taupiqueur,https://limitlesstcg.nyc3.cdn.digitaloceanspaces.com/pocket/A1/A1_238_EN.webp,A1,238,https://www.serebii.net/tcgpocket/image/fighting.png,,,,,,,,,
239,Osselait,https://limitlesstcg.nyc3.cdn.digitaloceanspaces.com/pocket/A1/A1_239_EN.webp,A1,239,https://www.serebii.net/tcgpocket/image/fighting.png,,,,,,,,,
240,Nidoqueen,https://limitlesstcg.nyc3.cdn.digitaloceanspaces.com/pocket/A1/A1_240_EN.webp,A1,240,https://www.serebii.net/tcgpocket/image/darkness.png,,,,,,,,,
241,Nidoking,https://limitlesstcg.nyc3.cdn.digitaloceanspaces.com/pocket/A1/A1_241_EN.webp,A1,241,https://www.serebii.net/tcgpocket/image/darkness.png,,,,,,,,,
242,Nosferalto,https://limitlesstcg.nyc3.cdn.digitaloceanspaces.com/pocket/A1/A1_242_EN.webp,A1,242,https://www.serebii.net/tcgpocket/image/darkness.png,,,,,,,,,
243,Smogogo,https://limitlesstcg.nyc3.cdn.digitaloceanspaces.com/pocket/A1/A1_243_EN.webp,A1,243,https://www.serebii.net/tcgpocket/image/darkness.png,,,,,,,,,
244,Dracolosse,https://limitlesstcg.nyc3.cdn.digitaloceanspaces.com/pocket/A1/A1_244_EN.webp,A1,244,https://www.serebii.net/tcgpocket/image/dragon.png,,,,,,,,,
245,Roucarnage,https://limitlesstcg.nyc3.cdn.digitaloceanspaces.com/pocket/A1/A1_245_EN.webp,A1,245,https://www.serebii.net/tcgpocket/image/colorless.png,,,,,,,,,
246,Miaouss,https://limitlesstcg.nyc3.cdn.digitaloceanspaces.com/pocket/A1/A1_246_EN.webp,A1,246,https://www.serebii.net/tcgpocket/image/colorless.png,,,,,,,,,
247,Métamorph,https://limitlesstcg.nyc3.cdn.digitaloceanspaces.com/pocket/A1/A1_247_EN.webp,A1,247,https://www.serebii.net/tcgpocket/image/colorless.png,,,,,,,,,
248,Évoli,https://limitlesstcg.nyc3.cdn.digitaloceanspaces.com/pocket/A1/A1_248_EN.webp,A1,248,https://www.serebii.net/tcgpocket/image/colorless.png,,,,,,,,,
249,Porygon,https://limitlesstcg.nyc3.cdn.digitaloceanspaces.com/pocket/A1/A1_249_EN.webp,A1,249,https://www.serebii.net/tcgpocket/image/colorless.png,,,,,,,,,
250,Ronflex,https://limitlesstcg.nyc3.cdn.digitaloceanspaces.com/pocket/A1/A1_250_EN.webp,A1,250,https://www.serebii.net/tcgpocket/image/colorless.png,,,,,,,,,
251,Florizarre EX,https://limitlesstcg.nyc3.cdn.digitaloceanspaces.com/pocket/A1/A1_251_EN.webp,A1,251,https://www.serebii.net/tcgpocket/image/grass.png,,,,,,,,,
252,Noadkoko EX,https://limitlesstcg.nyc3.cdn.digitaloceanspaces.com/pocket/A1/A1_252_EN.webp,A1,252,https://www.serebii.net/tcgpocket/image/grass.png,,,,,,,,,
253,Dracaufeu EX,https://limitlesstcg.nyc3.cdn.digitaloceanspaces.com/pocket/A1/A1_253_EN.webp,A1,253,https://www.serebii.net/tcgpocket/image/fire.png,,,,,,,,,
254,Arcanin EX,https://limitlesstcg.nyc3.cdn.digitaloceanspaces.com/pocket/A1/A1_254_EN.webp,A1,254,https://www.serebii.net/tcgpocket/image/fire.png,,,,,,,,,
255,Sulfura EX,https://limitlesstcg.nyc3.cdn.digitaloceanspaces.com/pocket/A1/A1_255_EN.webp,A1,255,https://www.serebii.net/tcgpocket/image/fire.png,,,,,,,,,
256,Tortank EX,https://limitlesstcg.nyc3.cdn.digitaloceanspaces.com/pocket/A1/A1_256_EN.webp,A1,256,https://www.serebii.net/tcgpocket/image/water.png,,,,,,,,,
257,Staross EX,https://limitlesstcg.nyc3.cdn.digitaloceanspaces.com/pocket/A1/A1_257_EN.webp,A1,257,https://www.serebii.net/tcgpocket/image/water.png,,,,,,,,,
258,Artikodin EX,https://limitlesstcg.nyc3.cdn.digitaloceanspaces.com/pocket/A1/A1_258_EN.webp,A1,258,https://www.serebii.net/tcgpocket/image/water.png,,,,,,,,,
259,Pikachu EX,https://limitlesstcg.nyc3.cdn.digitaloceanspaces.com/pocket/A1/A1_259_EN.webp,A1,259,https://www.serebii.net/tcgpocket/image/electric.png,,,,,,,,,
260,Électhor EX,https://limitlesstcg.nyc3.cdn.digitaloceanspaces.com/pocket/A1/A1_260_EN.webp,A1,260,https://www.serebii.net/tcgpocket/image/electric.png,,,,,,,,,
261,Ectoplasma EX,https://limitlesstcg.nyc3.cdn.digitaloceanspaces.com/pocket/A1/A1_261_EN.webp,A1,261,https://www.serebii.net/tcgpocket/image/psychic.png,,,,,,,,,
262,Mewtwo EX,https://limitlesstcg.nyc3.cdn.digitaloceanspaces.com/pocket/A1/A1_262_EN.webp,A1,262,https://www.serebii.net/tcgpocket/image/psychic.png,,,,,,,,,
263,Mackogneur EX,https://limitlesstcg.nyc3.cdn.digitaloceanspaces.com/pocket/A1/A1_263_EN.webp,A1,263,https://www.serebii.net/tcgpocket/image/fighting.png,,,,,,,,,
264,Ossatueur EX,https://limitlesstcg.nyc3.cdn.digitaloceanspaces.com/pocket/A1/A1_264_EN.webp,A1,264,https://www.serebii.net/tcgpocket/image/fighting.png,,,,,,,,,
265,Grodoudou EX,https://limitlesstcg.nyc3.cdn.digitaloceanspaces.com/pocket/A1/A1_265_EN.webp,A1,265,https://www.serebii.net/tcgpocket/image/colorless.png,,,,,,,,,
266,Erika,https://limitlesstcg.nyc3.cdn.digitaloceanspaces.com/pocket/A1/A1_266_EN.webp,A1,266,Dresseur,,,,,,,,,
267,Ondine,https://limitlesstcg.nyc3.cdn.digitaloceanspaces.com/pocket/A1/A1_267_EN.webp,A1,267,Dresseur,,,,,,,,,
268,Auguste,https://limitlesstcg.nyc3.cdn.digitaloceanspaces.com/pocket/A1/A1_268_EN.webp,A1,268,Dresseur,,,,,,,,,
269,Koga,https://limitlesstcg.nyc3.cdn.digitaloceanspaces.com/pocket/A1/A1_269_EN.webp,A1,269,Dresseur,,,,,,,,,
270,Giovanni,https://limitlesstcg.nyc3.cdn.digitaloceanspaces.com/pocket/A1/A1_270_EN.webp,A1,270,Dresseur,,,,,,,,,
271,Pierre,https://limitlesstcg.nyc3.cdn.digitaloceanspaces.com/pocket/A1/A1_271_EN.webp,A1,271,Dresseur,,,,,,,,,
272,Morgane,https://limitlesstcg.nyc3.cdn.digitaloceanspaces.com/pocket/A1/A1_272_EN.webp,A1,272,Dresseur,,,,,,,,,
273,Major Bob,https://limitlesstcg.nyc3.cdn.digitaloceanspaces.com/pocket/A1/A1_273_EN.webp,A1,273,Dresseur,,,,,,,,,
274,Sulfura EX,https://limitlesstcg.nyc3.cdn.digitaloceanspaces.com/pocket/A1/A1_274_EN.webp,A1,274,https://www.serebii.net/tcgpocket/image/fire.png,,,,,,,,,
275,Artikodin EX,https://limitlesstcg.nyc3.cdn.digitaloceanspaces.com/pocket/A1/A1_275_EN.webp,A1,275,https://www.serebii.net/tcgpocket/image/water.png,,,,,,,,,
276,Électhor EX,https://limitlesstcg.nyc3.cdn.digitaloceanspaces.com/pocket/A1/A1_276_EN.webp,A1,276,https://www.serebii.net/tcgpocket/image/electric.png,,,,,,,,,
277,Ectoplasma EX,https://limitlesstcg.nyc3.cdn.digitaloceanspaces.com/pocket/A1/A1_277_EN.webp,A1,277,https://www.serebii.net/tcgpocket/image/psychic.png,,,,,,,,,
278,Mackogneur EX,https://limitlesstcg.nyc3.cdn.digitaloceanspaces.com/pocket/A1/A1_278_EN.webp,A1,278,https://www.serebii.net/tcgpocket/image/fighting.png,,,,,,,,,
279,Grodoudou EX,https://limitlesstcg.nyc3.cdn.digitaloceanspaces.com/pocket/A1/A1_279_EN.webp,A1,279,https://www.serebii.net/tcgpocket/image/colorless.png,,,,,,,,,
280,Dracaufeu EX,https://limitlesstcg.nyc3.cdn.digitaloceanspaces.com/pocket/A1/A1_280_EN.webp,A1,280,https://www.serebii.net/tcgpocket/image/fire.png,,,,,,,,,
281,Pikachu EX,https://limitlesstcg.nyc3.cdn.digitaloceanspaces.com/pocket/A1/A1_281_EN.webp,A1,281,https://www.serebii.net/tcgpocket/image/electric.png,,,,,,,,,
282,Mewtwo EX,https://limitlesstcg.nyc3.cdn.digitaloceanspaces.com/pocket/A1/A1_282_EN.webp,A1,282,https://www.serebii.net/tcgpocket/image/psychic.png,,,,,,,,,
283,Mew,https://limitlesstcg.nyc3.cdn.digitaloceanspaces.com/pocket/A1/A1_283_EN.webp,A1,283,https://www.serebii.net/tcgpocket/image/psychic.png,,,,,,,,,
284,Dracaufeu EX,https://limitlesstcg.nyc3.cdn.digitaloceanspaces.com/pocket/A1/A1_284_EN.webp,A1,284,https://www.serebii.net/tcgpocket/image/fire.png,,,,,,,,,
285,Pikachu EX,https://limitlesstcg.nyc3.cdn.digitaloceanspaces.com/pocket/A1/A1_285_EN.webp,A1,285,https://www.serebii.net/tcgpocket/image/electric.png,,,,,,,,,
286,Mewtwo EX,https://limitlesstcg.nyc3.cdn.digitaloceanspaces.com/pocket/A1/A1_286_EN.webp,A1,286,https://www.serebii.net/tcgpocket/image/psychic.png,,,,,,,,,
287,Potion,https://limitlesstcg.nyc3.cdn.digitaloceanspaces.com/pocket/P-A/P-A_001_EN.webp,PROMO-A,001,Objet,,,,,,,,,
288,Vitesse +,https://limitlesstcg.nyc3.cdn.digitaloceanspaces.com/pocket/P-A/P-A_002_EN.webp,PROMO-A,002,Objet,,,,,,,,,
289,Scrute Main,https://limitlesstcg.nyc3.cdn.digitaloceanspaces.com/pocket/P-A/P-A_003_EN.webp,PROMO-A,003,Objet,,,,,,,,,
290,Pokédex,https://limitlesstcg.nyc3.cdn.digitaloceanspaces.com/pocket/P-A/P-A_004_EN.webp,PROMO-A,004,Objet,,,,,,,,,
291,Poké Ball,https://limitlesstcg.nyc3.cdn.digitaloceanspaces.com/pocket/P-A/P-A_005_EN.webp,PROMO-A,005,Objet,,,,,,,,,
292,Carton Rouge,https://limitlesstcg.nyc3.cdn.digitaloceanspaces.com/pocket/P-A/P-A_006_EN.webp,PROMO-A,006,Objet,,,,,,,,,
293,Recherches Professorales,https://limitlesstcg.nyc3.cdn.digitaloceanspaces.com/pocket/P-A/P-A_007_EN.webp,PROMO-A,007,Dresseur,,,,,,,,,
294,,https://limitlesstcg.nyc3.cdn.digitaloceanspaces.com/pocket/P-A/P-A_008_EN.webp,PROMO-A,008,,,,,,,,,,
295,Pikachu,https://limitlesstcg.nyc3.cdn.digitaloceanspaces.com/pocket/P-A/P-A_009_EN.webp,PROMO-A,009,https://www.serebii.net/tcgpocket/image/electric.png,,,,,,,,,
296,Mewtwo,https://limitlesstcg.nyc3.cdn.digitaloceanspaces.com/pocket/P-A/P-A_010_EN.webp,PROMO-A,010,https://www.serebii.net/tcgpocket/image/psychic.png,,,,,,,,,
297,Leveinard,https://limitlesstcg.nyc3.cdn.digitaloceanspaces.com/pocket/P-A/P-A_011_EN.webp,PROMO-A,011,https://www.serebii.net/tcgpocket/image/colorless.png,,,,,,,,,
298,Miaouss,https://limitlesstcg.nyc3.cdn.digitaloceanspaces.com/pocket/P-A/P-A_012_EN.webp,PROMO-A,012,https://www.serebii.net/tcgpocket/image/colorless.png,,,,,,,,,
299,Papilusion,https://limitlesstcg.nyc3.cdn.digitaloceanspaces.com/pocket/P-A/P-A_013_EN.webp,PROMO-A,013,https://www.serebii.net/tcgpocket/image/grass.png,,,,,,,,,
300,Lokhlass EX,https://limitlesstcg.nyc3.cdn.digitaloceanspaces.com/pocket/P-A/P-A_014_EN.webp,PROMO-A,014,https://www.serebii.net/tcgpocket/image/water.png,,,,,,,,,
301,Pikachu,https://limitlesstcg.nyc3.cdn.digitaloceanspaces.com/pocket/P-A/P-A_015_EN.webp,PROMO-A,015,https://www.serebii.net/tcgpocket/image/electric.png,,,,,,,,,
302,Mélofée,https://limitlesstcg.nyc3.cdn.digitaloceanspaces.com/pocket/P-A/P-A_016_EN.webp,PROMO-A,016,https://www.serebii.net/tcgpocket/image/psychic.png,,,,,,,,,
303,Férosinge,https://limitlesstcg.nyc3.cdn.digitaloceanspaces.com/pocket/P-A/P-A_017_EN.webp,PROMO-A,017,https://www.serebii.net/tcgpocket/image/fighting.png,,,,,,,,,
304,Florizarre,https://limitlesstcg.nyc3.cdn.digitaloceanspaces.com/pocket/P-A/P-A_018_EN.webp,PROMO-A,018,https://www.serebii.net/tcgpocket/image/grass.png,,,,,,,,,
305,Amphinobi,https://limitlesstcg.nyc3.cdn.digitaloceanspaces.com/pocket/P-A/P-A_019_EN.webp,PROMO-A,019,https://www.serebii.net/tcgpocket/image/water.png,,,,,,,,,
306,Spectrum,https://limitlesstcg.nyc3.cdn.digitaloceanspaces.com/pocket/P-A/P-A_020_EN.webp,PROMO-A,020,https://www.serebii.net/tcgpocket/image/psychic.png,,,,,,,,,
307,Onix,https://limitlesstcg.nyc3.cdn.digitaloceanspaces.com/pocket/P-A/P-A_021_EN.webp,PROMO-A,021,https://www.serebii.net/tcgpocket/image/fighting.png,,,,,,,,,
308,Rondoudou,https://limitlesstcg.nyc3.cdn.digitaloceanspaces.com/pocket/P-A/P-A_022_EN.webp,PROMO-A,022,https://www.serebii.net/tcgpocket/image/colorless.png,,,,,,,,,
309,Bulbizarre,https://limitlesstcg.nyc3.cdn.digitaloceanspaces.com/pocket/P-A/P-A_023_EN.webp,PROMO-A,023,https://www.serebii.net/tcgpocket/image/grass.png,,,,,,,,,
310,Magnéti,https://limitlesstcg.nyc3.cdn.digitaloceanspaces.com/pocket/P-A/P-A_024_EN.webp,PROMO-A,024,https://www.serebii.net/tcgpocket/image/electric.png,,,,,,,,,
311,Noeunoeuf,https://limitlesstcg.nyc3.cdn.digitaloceanspaces.com/pocket/A1a/A1a_001_EN.webp,A1a,001,https://www.serebii.net/tcgpocket/image/grass.png,,,,,,,,,
312,Noadkoko,https://limitlesstcg.nyc3.cdn.digitaloceanspaces.com/pocket/A1a/A1a_002_EN.webp,A1a,002,https://www.serebii.net/tcgpocket/image/grass.png,,,,,,,,,
313,Celebi EX,https://limitlesstcg.nyc3.cdn.digitaloceanspaces.com/pocket/A1a/A1a_003_EN.webp,A1a,003,https://www.serebii.net/tcgpocket/image/grass.png,,,,,,,,,
314,Vipélierre,https://limitlesstcg.nyc3.cdn.digitaloceanspaces.com/pocket/A1a/A1a_004_EN.webp,A1a,004,https://www.serebii.net/tcgpocket/image/grass.png,,,,,,,,,
315,Lianaja,https://limitlesstcg.nyc3.cdn.digitaloceanspaces.com/pocket/A1a/A1a_005_EN.webp,A1a,005,https://www.serebii.net/tcgpocket/image/grass.png,,,,,,,,,
316,Majaspic,https://limitlesstcg.nyc3.cdn.digitaloceanspaces.com/pocket/A1a/A1a_006_EN.webp,A1a,006,https://www.serebii.net/tcgpocket/image/grass.png,,,,,,,,,
317,Spododo,https://limitlesstcg.nyc3.cdn.digitaloceanspaces.com/pocket/A1a/A1a_007_EN.webp,A1a,007,https://www.serebii.net/tcgpocket/image/grass.png,,,,,,,,,
318,Lampignon,https://limitlesstcg.nyc3.cdn.digitaloceanspaces.com/pocket/A1a/A1a_008_EN.webp,A1a,008,https://www.serebii.net/tcgpocket/image/grass.png,,,,,,,,,
319,Sinistrail,https://limitlesstcg.nyc3.cdn.digitaloceanspaces.com/pocket/A1a/A1a_009_EN.webp,A1a,009,https://www.serebii.net/tcgpocket/image/grass.png,,,,,,,,,
320,Ponyta,https://limitlesstcg.nyc3.cdn.digitaloceanspaces.com/pocket/A1a/A1a_010_EN.webp,A1a,010,https://www.serebii.net/tcgpocket/image/fire.png,,,,,,,,,
321,Galopa,https://limitlesstcg.nyc3.cdn.digitaloceanspaces.com/pocket/A1a/A1a_011_EN.webp,A1a,011,https://www.serebii.net/tcgpocket/image/fire.png,,,,,,,,,
322,Magmar,https://limitlesstcg.nyc3.cdn.digitaloceanspaces.com/pocket/A1a/A1a_012_EN.webp,A1a,012,https://www.serebii.net/tcgpocket/image/fire.png,,,,,,,,,
323,Pyronille,https://limitlesstcg.nyc3.cdn.digitaloceanspaces.com/pocket/A1a/A1a_013_EN.webp,A1a,013,https://www.serebii.net/tcgpocket/image/fire.png,,,,,,,,,
324,Pyrax,https://limitlesstcg.nyc3.cdn.digitaloceanspaces.com/pocket/A1a/A1a_014_EN.webp,A1a,014,https://www.serebii.net/tcgpocket/image/fire.png,,,,,,,,,
325,Tritox,https://limitlesstcg.nyc3.cdn.digitaloceanspaces.com/pocket/A1a/A1a_015_EN.webp,A1a,015,https://www.serebii.net/tcgpocket/image/fire.png,,,,,,,,,
326,Malamandre,https://limitlesstcg.nyc3.cdn.digitaloceanspaces.com/pocket/A1a/A1a_016_EN.webp,A1a,016,https://www.serebii.net/tcgpocket/image/fire.png,,,,,,,,,
327,Magicarpe,https://limitlesstcg.nyc3.cdn.digitaloceanspaces.com/pocket/A1a/A1a_017_EN.webp,A1a,017,https://www.serebii.net/tcgpocket/image/water.png,,,,,,,,,
328,Léviator EX,https://limitlesstcg.nyc3.cdn.digitaloceanspaces.com/pocket/A1a/A1a_018_EN.webp,A1a,018,https://www.serebii.net/tcgpocket/image/water.png,,,,,,,,,
329,Aquali,https://limitlesstcg.nyc3.cdn.digitaloceanspaces.com/pocket/A1a/A1a_019_EN.webp,A1a,019,https://www.serebii.net/tcgpocket/image/water.png,,,,,,,,,
330,Écayon,https://limitlesstcg.nyc3.cdn.digitaloceanspaces.com/pocket/A1a/A1a_020_EN.webp,A1a,020,https://www.serebii.net/tcgpocket/image/water.png,,,,,,,,,
331,Luminéon,https://limitlesstcg.nyc3.cdn.digitaloceanspaces.com/pocket/A1a/A1a_021_EN.webp,A1a,021,https://www.serebii.net/tcgpocket/image/water.png,,,,,,,,,
332,Khélocrok,https://limitlesstcg.nyc3.cdn.digitaloceanspaces.com/pocket/A1a/A1a_022_EN.webp,A1a,022,https://www.serebii.net/tcgpocket/image/water.png,,,,,,,,,
333,Torgamord,https://limitlesstcg.nyc3.cdn.digitaloceanspaces.com/pocket/A1a/A1a_023_EN.webp,A1a,023,https://www.serebii.net/tcgpocket/image/water.png,,,,,,,,,
334,Nigosier,https://limitlesstcg.nyc3.cdn.digitaloceanspaces.com/pocket/A1a/A1a_024_EN.webp,A1a,024,https://www.serebii.net/tcgpocket/image/water.png,,,,,,,,,
335,Pikachu,https://limitlesstcg.nyc3.cdn.digitaloceanspaces.com/pocket/A1a/A1a_025_EN.webp,A1a,025,https://www.serebii.net/tcgpocket/image/electric.png,,,,,,,,,
336,Raichu,https://limitlesstcg.nyc3.cdn.digitaloceanspaces.com/pocket/A1a/A1a_026_EN.webp,A1a,026,https://www.serebii.net/tcgpocket/image/electric.png,,,,,,,,,
337,Élektek,https://limitlesstcg.nyc3.cdn.digitaloceanspaces.com/pocket/A1a/A1a_027_EN.webp,A1a,027,https://www.serebii.net/tcgpocket/image/electric.png,,,,,,,,,
338,Statik,https://limitlesstcg.nyc3.cdn.digitaloceanspaces.com/pocket/A1a/A1a_028_EN.webp,A1a,028,https://www.serebii.net/tcgpocket/image/electric.png,,,,,,,,,
339,Mygavolt,https://limitlesstcg.nyc3.cdn.digitaloceanspaces.com/pocket/A1a/A1a_029_EN.webp,A1a,029,https://www.serebii.net/tcgpocket/image/electric.png,,,,,,,,,
340,Dedenne,https://limitlesstcg.nyc3.cdn.digitaloceanspaces.com/pocket/A1a/A1a_030_EN.webp,A1a,030,https://www.serebii.net/tcgpocket/image/electric.png,,,,,,,,,
341,Mew,https://limitlesstcg.nyc3.cdn.digitaloceanspaces.com/pocket/A1a/A1a_031_EN.webp,A1a,031,https://www.serebii.net/tcgpocket/image/psychic.png,,,,,,,,,
342,Mew EX,https://limitlesstcg.nyc3.cdn.digitaloceanspaces.com/pocket/A1a/A1a_032_EN.webp,A1a,032,https://www.serebii.net/tcgpocket/image/psychic.png,,,,,,,,,
343,Cryptéro,https://limitlesstcg.nyc3.cdn.digitaloceanspaces.com/pocket/A1a/A1a_033_EN.webp,A1a,033,https://www.serebii.net/tcgpocket/image/psychic.png,,,,,,,,,
344,Lewsor,https://limitlesstcg.nyc3.cdn.digitaloceanspaces.com/pocket/A1a/A1a_034_EN.webp,A1a,034,https://www.serebii.net/tcgpocket/image/psychic.png,,,,,,,,,
345,Neitram,https://limitlesstcg.nyc3.cdn.digitaloceanspaces.com/pocket/A1a/A1a_035_EN.webp,A1a,035,https://www.serebii.net/tcgpocket/image/psychic.png,,,,,,,,,
346,Flabébé,https://limitlesstcg.nyc3.cdn.digitaloceanspaces.com/pocket/A1a/A1a_036_EN.webp,A1a,036,https://www.serebii.net/tcgpocket/image/psychic.png,,,,,,,,,
347,Floette,https://limitlesstcg.nyc3.cdn.digitaloceanspaces.com/pocket/A1a/A1a_037_EN.webp,A1a,037,https://www.serebii.net/tcgpocket/image/psychic.png,,,,,,,,,
348,Florges,https://limitlesstcg.nyc3.cdn.digitaloceanspaces.com/pocket/A1a/A1a_038_EN.webp,A1a,038,https://www.serebii.net/tcgpocket/image/psychic.png,,,,,,,,,
349,Sucroquin,https://limitlesstcg.nyc3.cdn.digitaloceanspaces.com/pocket/A1a/A1a_039_EN.webp,A1a,039,https://www.serebii.net/tcgpocket/image/psychic.png,,,,,,,,,
350,Cupcanaille,https://limitlesstcg.nyc3.cdn.digitaloceanspaces.com/pocket/A1a/A1a_040_EN.webp,A1a,040,https://www.serebii.net/tcgpocket/image/psychic.png,,,,,,,,,
351,Férosinge,https://limitlesstcg.nyc3.cdn.digitaloceanspaces.com/pocket/A1a/A1a_041_EN.webp,A1a,041,https://www.serebii.net/tcgpocket/image/fighting.png,,,,,,,,,
352,Colossinge,https://limitlesstcg.nyc3.cdn.digitaloceanspaces.com/pocket/A1a/A1a_042_EN.webp,A1a,042,https://www.serebii.net/tcgpocket/image/fighting.png,,,,,,,,,
353,Racaillou,https://limitlesstcg.nyc3.cdn.digitaloceanspaces.com/pocket/A1a/A1a_043_EN.webp,A1a,043,https://www.serebii.net/tcgpocket/image/fighting.png,,,,,,,,,
354,Gravalanche,https://limitlesstcg.nyc3.cdn.digitaloceanspaces.com/pocket/A1a/A1a_044_EN.webp,A1a,044,https://www.serebii.net/tcgpocket/image/fighting.png,,,,,,,,,
355,Grolem,https://limitlesstcg.nyc3.cdn.digitaloceanspaces.com/pocket/A1a/A1a_045_EN.webp,A1a,045,https://www.serebii.net/tcgpocket/image/fighting.png,,,,,,,,,
356,Ptéra EX,https://limitlesstcg.nyc3.cdn.digitaloceanspaces.com/pocket/A1a/A1a_046_EN.webp,A1a,046,https://www.serebii.net/tcgpocket/image/fighting.png,,,,,,,,,
357,Marshadow,https://limitlesstcg.nyc3.cdn.digitaloceanspaces.com/pocket/A1a/A1a_047_EN.webp,A1a,047,https://www.serebii.net/tcgpocket/image/fighting.png,,,,,,,,,
358,Dolman,https://limitlesstcg.nyc3.cdn.digitaloceanspaces.com/pocket/A1a/A1a_048_EN.webp,A1a,048,https://www.serebii.net/tcgpocket/image/fighting.png,,,,,,,,,
359,Smogo,https://limitlesstcg.nyc3.cdn.digitaloceanspaces.com/pocket/A1a/A1a_049_EN.webp,A1a,049,https://www.serebii.net/tcgpocket/image/darkness.png,,,,,,,,,
360,Smogogo,https://limitlesstcg.nyc3.cdn.digitaloceanspaces.com/pocket/A1a/A1a_050_EN.webp,A1a,050,https://www.serebii.net/tcgpocket/image/darkness.png,,,,,,,,,
361,Chacripan,https://limitlesstcg.nyc3.cdn.digitaloceanspaces.com/pocket/A1a/A1a_051_EN.webp,A1a,051,https://www.serebii.net/tcgpocket/image/darkness.png,,,,,,,,,
362,Léopardus,https://limitlesstcg.nyc3.cdn.digitaloceanspaces.com/pocket/A1a/A1a_052_EN.webp,A1a,052,https://www.serebii.net/tcgpocket/image/darkness.png,,,,,,,,,
363,Venipatte,https://limitlesstcg.nyc3.cdn.digitaloceanspaces.com/pocket/A1a/A1a_053_EN.webp,A1a,053,https://www.serebii.net/tcgpocket/image/darkness.png,,,,,,,,,
364,Scobolide,https://limitlesstcg.nyc3.cdn.digitaloceanspaces.com/pocket/A1a/A1a_054_EN.webp,A1a,054,https://www.serebii.net/tcgpocket/image/darkness.png,,,,,,,,,
365,Brutapode,https://limitlesstcg.nyc3.cdn.digitaloceanspaces.com/pocket/A1a/A1a_055_EN.webp,A1a,055,https://www.serebii.net/tcgpocket/image/darkness.png,,,,,,,,,
366,Drakkarmin,https://limitlesstcg.nyc3.cdn.digitaloceanspaces.com/pocket/A1a/A1a_056_EN.webp,A1a,056,https://www.serebii.net/tcgpocket/image/dragon.png,,,,,,,,,
367,Roucool,https://limitlesstcg.nyc3.cdn.digitaloceanspaces.com/pocket/A1a/A1a_057_EN.webp,A1a,057,https://www.serebii.net/tcgpocket/image/colorless.png,,,,,,,,,
368,Roucoups,https://limitlesstcg.nyc3.cdn.digitaloceanspaces.com/pocket/A1a/A1a_058_EN.webp,A1a,058,https://www.serebii.net/tcgpocket/image/colorless.png,,,,,,,,,
369,Roucarnage EX,https://limitlesstcg.nyc3.cdn.digitaloceanspaces.com/pocket/A1a/A1a_059_EN.webp,A1a,059,https://www.serebii.net/tcgpocket/image/colorless.png,,,,,,,,,
370,Tauros,https://limitlesstcg.nyc3.cdn.digitaloceanspaces.com/pocket/A1a/A1a_060_EN.webp,A1a,060,https://www.serebii.net/tcgpocket/image/colorless.png,,,,,,,,,
371,Évoli,https://limitlesstcg.nyc3.cdn.digitaloceanspaces.com/pocket/A1a/A1a_061_EN.webp,A1a,061,https://www.serebii.net/tcgpocket/image/colorless.png,,,,,,,,,
372,Pijako,https://limitlesstcg.nyc3.cdn.digitaloceanspaces.com/pocket/A1a/A1a_062_EN.webp,A1a,062,https://www.serebii.net/tcgpocket/image/colorless.png,,,,,,,,,
373,Flûte Pokémon,https://limitlesstcg.nyc3.cdn.digitaloceanspaces.com/pocket/A1a/A1a_064_EN.webp,A1a,064,Objet,,,,,,,,,
374,Dalle Fabuleuse,https://limitlesstcg.nyc3.cdn.digitaloceanspaces.com/pocket/A1a/A1a_065_EN.webp,A1a,065,Objet,,,,,,,,,
375,Jeune Explorateur,https://limitlesstcg.nyc3.cdn.digitaloceanspaces.com/pocket/A1a/A1a_066_EN.webp,A1a,066,Dresseur,,,,,,,,,
376,Blue,https://limitlesstcg.nyc3.cdn.digitaloceanspaces.com/pocket/A1a/A1a_067_EN.webp,A1a,067,Dresseur,,,,,,,,,
377,Leaf,https://limitlesstcg.nyc3.cdn.digitaloceanspaces.com/pocket/A1a/A1a_068_EN.webp,A1a,068,Dresseur,,,,,,,,,
378,Noadkoko,https://limitlesstcg.nyc3.cdn.digitaloceanspaces.com/pocket/A1a/A1a_069_EN.webp,A1a,069,https://www.serebii.net/tcgpocket/image/grass.png,,,,,,,,,
379,Majaspic,https://limitlesstcg.nyc3.cdn.digitaloceanspaces.com/pocket/A1a/A1a_070_EN.webp,A1a,070,https://www.serebii.net/tcgpocket/image/grass.png,,,,,,,,,
380,Tritox,https://limitlesstcg.nyc3.cdn.digitaloceanspaces.com/pocket/A1a/A1a_071_EN.webp,A1a,071,https://www.serebii.net/tcgpocket/image/fire.png,,,,,,,,,
381,Aquali,https://limitlesstcg.nyc3.cdn.digitaloceanspaces.com/pocket/A1a/A1a_072_EN.webp,A1a,072,https://www.serebii.net/tcgpocket/image/water.png,,,,,,,,,
382,Dedenne,https://limitlesstcg.nyc3.cdn.digitaloceanspaces.com/pocket/A1a/A1a_073_EN.webp,A1a,073,https://www.serebii.net/tcgpocket/image/electric.png,,,,,,,,,
383,Marshadow,https://limitlesstcg.nyc3.cdn.digitaloceanspaces.com/pocket/A1a/A1a_074_EN.webp,A1a,074,https://www.serebii.net/tcgpocket/image/fighting.png,,,,,,,,,
384,Celebi EX,https://limitlesstcg.nyc3.cdn.digitaloceanspaces.com/pocket/A1a/A1a_075_EN.webp,A1a,075,https://www.serebii.net/tcgpocket/image/grass.png,,,,,,,,,
385,Léviator EX,https://limitlesstcg.nyc3.cdn.digitaloceanspaces.com/pocket/A1a/A1a_076_EN.webp,A1a,076,https://www.serebii.net/tcgpocket/image/water.png,,,,,,,,,
386,Mew EX,https://limitlesstcg.nyc3.cdn.digitaloceanspaces.com/pocket/A1a/A1a_077_EN.webp,A1a,077,https://www.serebii.net/tcgpocket/image/psychic.png,,,,,,,,,
387,Ptéra EX,https://limitlesstcg.nyc3.cdn.digitaloceanspaces.com/pocket/A1a/A1a_078_EN.webp,A1a,078,https://www.serebii.net/tcgpocket/image/fighting.png,,,,,,,,,
388,Roucarnage EX,https://limitlesstcg.nyc3.cdn.digitaloceanspaces.com/pocket/A1a/A1a_079_EN.webp,A1a,079,https://www.serebii.net/tcgpocket/image/colorless.png,,,,,,,,,
389,Jeune Explorateur,https://limitlesstcg.nyc3.cdn.digitaloceanspaces.com/pocket/A1a/A1a_080_EN.webp,A1a,080,Dresseur,,,,,,,,,
390,Blue,https://limitlesstcg.nyc3.cdn.digitaloceanspaces.com/pocket/A1a/A1a_081_EN.webp,A1a,081,Dresseur,,,,,,,,,
391,Leaf,https://limitlesstcg.nyc3.cdn.digitaloceanspaces.com/pocket/A1a/A1a_082_EN.webp,A1a,082,Dresseur,,,,,,,,,
392,Mew EX,https://limitlesstcg.nyc3.cdn.digitaloceanspaces.com/pocket/A1a/A1a_083_EN.webp,A1a,083,https://www.serebii.net/tcgpocket/image/psychic.png,,,,,,,,,
393,Ptéra EX,https://limitlesstcg.nyc3.cdn.digitaloceanspaces.com/pocket/A1a/A1a_084_EN.webp,A1a,084,https://www.serebii.net/tcgpocket/image/fighting.png,,,,,,,,,
394,Celebi EX,https://limitlesstcg.nyc3.cdn.digitaloceanspaces.com/pocket/A1a/A1a_085_EN.webp,A1a,085,https://www.serebii.net/tcgpocket/image/grass.png,,,,,,,,,
395,Mew EX,https://limitlesstcg.nyc3.cdn.digitaloceanspaces.com/pocket/A1a/A1a_086_EN.webp,A1a,086,https://www.serebii.net/tcgpocket/image/psychic.png,,,,,,,,,